{"cameraMode":{"drawMode":0,"name":"Shaded","section":"Shading Mode"},"sceneLighting":false,"audioPlay":false,"sceneViewState":{"m_AlwaysRefresh":false,"showFog":true,"showSkybox":false,"showFlares":true,"showImageEffects":true,"showParticleSystems":true,"showVisualEffectGraphs":true,"m_FxEnabled":true},"in2DMode":false,"pivot":{"x":24.937274932861329,"y":3.7075631618499758,"z":6.2710490226745609},"rotation":{"x":-0.07784753292798996,"y":-0.10166472941637039,"z":0.008050002157688141,"w":-0.9920928478240967},"size":0.21794474124908448,"orthographic":false}