{"cameraMode":{"drawMode":0,"name":"Shaded","section":"Shading Mode"},"sceneLighting":false,"audioPlay":false,"sceneViewState":{"m_AlwaysRefresh":false,"showFog":true,"showSkybox":false,"showFlares":true,"showImageEffects":true,"showParticleSystems":true,"showVisualEffectGraphs":true,"m_FxEnabled":true},"in2DMode":false,"pivot":{"x":25.014312744140626,"y":3.6993868350982668,"z":6.826956748962402},"rotation":{"x":0.01184326782822609,"y":0.9703361392021179,"z":0.0492795929312706,"w":-0.2379010021686554},"size":0.14325016736984254,"orthographic":false}